{
    "Agent": {
        "total": 0.025275707244873047
    },
    "Env": {
        "apply_act": 0.08876180648803711,
        "observation_computation": 0.012345314025878906,
        "powerflow_computation": 0.017436981201171875,
        "total": 0.11854410171508789
    },
    "total": 0.15489530563354492
}