{
    "Agent": {
        "total": 0.00785517692565918
    },
    "Env": {
        "apply_act": 0.02519512176513672,
        "observation_computation": 0.003415822982788086,
        "powerflow_computation": 0.00559234619140625,
        "total": 0.034203290939331055
    },
    "total": 0.0451967716217041
}