{
    "Agent": {
        "total": 0.021278858184814453
    },
    "Env": {
        "apply_act": 0.07039880752563477,
        "observation_computation": 0.010189294815063477,
        "powerflow_computation": 0.012880802154541016,
        "total": 0.09346890449523926
    },
    "total": 0.12399888038635254
}