{
    "Agent": {
        "total": 0.02394413948059082
    },
    "Env": {
        "apply_act": 0.07540488243103027,
        "observation_computation": 0.011533498764038086,
        "powerflow_computation": 0.013366222381591797,
        "total": 0.10030460357666016
    },
    "total": 0.1347670555114746
}