{
    "Agent": {
        "total": 0.010459423065185547
    },
    "Env": {
        "apply_act": 0.02086806297302246,
        "observation_computation": 0.004924774169921875,
        "powerflow_computation": 0.006391048431396484,
        "total": 0.03218388557434082
    },
    "total": 0.048030853271484375
}