{
    "Agent": {
        "total": 0.01148843765258789
    },
    "Env": {
        "apply_act": 0.03719067573547363,
        "observation_computation": 0.005815267562866211,
        "powerflow_computation": 0.009197473526000977,
        "total": 0.05220341682434082
    },
    "total": 0.06911635398864746
}