{
    "Agent": {
        "total": 0.011837244033813477
    },
    "Env": {
        "apply_act": 0.037256479263305664,
        "observation_computation": 0.005867481231689453,
        "powerflow_computation": 0.00885629653930664,
        "total": 0.05198025703430176
    },
    "total": 0.06916117668151855
}