{
    "Agent": {
        "total": 0.015540838241577148
    },
    "Env": {
        "apply_act": 0.05320024490356445,
        "observation_computation": 0.0076596736907958984,
        "powerflow_computation": 0.010384798049926758,
        "total": 0.07124471664428711
    },
    "total": 0.09389090538024902
}