{
    "Agent": {
        "total": 0.014286041259765625
    },
    "Env": {
        "apply_act": 0.05072474479675293,
        "observation_computation": 0.006716728210449219,
        "powerflow_computation": 0.010027647018432617,
        "total": 0.06746912002563477
    },
    "total": 0.08802175521850586
}