{
    "Agent": {
        "total": 0.014523029327392578
    },
    "Env": {
        "apply_act": 0.051334381103515625,
        "observation_computation": 0.006521701812744141,
        "powerflow_computation": 0.008612632751464844,
        "total": 0.06646871566772461
    },
    "total": 0.08710694313049316
}