{
    "Agent": {
        "total": 0.015104532241821289
    },
    "Env": {
        "apply_act": 0.045342206954956055,
        "observation_computation": 0.008103370666503906,
        "powerflow_computation": 0.0099945068359375,
        "total": 0.06344008445739746
    },
    "total": 0.08572840690612793
}