{
    "Agent": {
        "total": 0.012272357940673828
    },
    "Env": {
        "apply_act": 0.03424406051635742,
        "observation_computation": 0.0057604312896728516,
        "powerflow_computation": 0.007956981658935547,
        "total": 0.04796147346496582
    },
    "total": 0.06550240516662598
}