{
    "Agent": {
        "total": 0.010436773300170898
    },
    "Env": {
        "apply_act": 0.027568578720092773,
        "observation_computation": 0.00500035285949707,
        "powerflow_computation": 0.0062868595123291016,
        "total": 0.038855791091918945
    },
    "total": 0.0538945198059082
}