{
    "Agent": {
        "total": 1.777298927307129
    },
    "Env": {
        "apply_act": 0.10723757743835449,
        "observation_computation": 0.012198209762573242,
        "powerflow_computation": 0.014094114303588867,
        "total": 0.1335299015045166
    },
    "total": 1.921389102935791
}