{
    "Agent": {
        "total": 0.020036697387695312
    },
    "Env": {
        "apply_act": 0.07935762405395508,
        "observation_computation": 0.0102386474609375,
        "powerflow_computation": 0.014062643051147461,
        "total": 0.10365891456604004
    },
    "total": 0.1329338550567627
}