{
    "Agent": {
        "total": 0.005774736404418945
    },
    "Env": {
        "apply_act": 0.008862495422363281,
        "observation_computation": 0.002645730972290039,
        "powerflow_computation": 0.004009246826171875,
        "total": 0.015517473220825195
    },
    "total": 0.023769617080688477
}