{
    "Agent": {
        "total": 0.014813899993896484
    },
    "Env": {
        "apply_act": 0.04135894775390625,
        "observation_computation": 0.0077304840087890625,
        "powerflow_computation": 0.010387420654296875,
        "total": 0.05947685241699219
    },
    "total": 0.08123183250427246
}