{
    "Agent": {
        "total": 0.009079456329345703
    },
    "Env": {
        "apply_act": 0.028335094451904297,
        "observation_computation": 0.00386810302734375,
        "powerflow_computation": 0.0061342716217041016,
        "total": 0.03833746910095215
    },
    "total": 0.05108022689819336
}