{
    "Agent": {
        "total": 0.0172421932220459
    },
    "Env": {
        "apply_act": 0.06556367874145508,
        "observation_computation": 0.008390665054321289,
        "powerflow_computation": 0.01131582260131836,
        "total": 0.08527016639709473
    },
    "total": 0.11009049415588379
}