{
    "Agent": {
        "total": 0.011201143264770508
    },
    "Env": {
        "apply_act": 0.04083991050720215,
        "observation_computation": 0.00507044792175293,
        "powerflow_computation": 0.0070493221282958984,
        "total": 0.05295968055725098
    },
    "total": 0.06892633438110352
}