{
    "Agent": {
        "total": 0.018484830856323242
    },
    "Env": {
        "apply_act": 0.06155514717102051,
        "observation_computation": 0.008674383163452148,
        "powerflow_computation": 0.01124262809753418,
        "total": 0.08147215843200684
    },
    "total": 0.10979294776916504
}