{
    "Agent": {
        "total": 0.018810749053955078
    },
    "Env": {
        "apply_act": 0.056962013244628906,
        "observation_computation": 0.009006977081298828,
        "powerflow_computation": 0.013141870498657227,
        "total": 0.07911086082458496
    },
    "total": 0.1063547134399414
}