{
    "Agent": {
        "total": 0.005674839019775391
    },
    "Env": {
        "apply_act": 0.009104251861572266,
        "observation_computation": 0.0028476715087890625,
        "powerflow_computation": 0.0041048526763916016,
        "total": 0.01605677604675293
    },
    "total": 0.024288177490234375
}