{
    "Agent": {
        "total": 0.008739233016967773
    },
    "Env": {
        "apply_act": 0.027116060256958008,
        "observation_computation": 0.004423856735229492,
        "powerflow_computation": 0.0062999725341796875,
        "total": 0.03783988952636719
    },
    "total": 0.05070781707763672
}